{"cameraMode":{"drawMode":0,"name":"Shaded","section":"Shading Mode"},"sceneLighting":true,"audioPlay":false,"sceneViewState":{"m_AlwaysRefresh":false,"showFog":true,"showSkybox":true,"showFlares":true,"showImageEffects":true,"showParticleSystems":true,"showVisualEffectGraphs":true,"m_FxEnabled":true},"in2DMode":false,"pivot":{"x":0.6478219032287598,"y":-0.539527416229248,"z":2.4368467330932619},"rotation":{"x":0.016473857685923578,"y":0.05546392872929573,"z":-0.0009152390994131565,"w":0.9983243942260742},"size":6.624452114105225,"orthographic":true}