{"cameraMode":{"drawMode":0,"name":"Shaded","section":"Shading Mode"},"sceneLighting":true,"audioPlay":false,"sceneViewState":{"m_AlwaysRefresh":false,"showFog":true,"showSkybox":true,"showFlares":true,"showImageEffects":true,"showParticleSystems":true,"showVisualEffectGraphs":true,"m_FxEnabled":true},"in2DMode":false,"pivot":{"x":10.736940383911133,"y":4.602248191833496,"z":4.152474403381348},"rotation":{"x":0.23137906193733216,"y":-0.21248182654380799,"z":0.05186597257852554,"w":0.9479700326919556},"size":8.587512969970704,"orthographic":true}